{
    "version": "2.0.0",
    "tasks": [
        {
            "label": "build debug",
            "type": "process",
            "command": "make",
            "args": [
                "PLATFORM=PLATFORM_DESKTOP",
                "BUILD_MODE=DEBUG",
                "PROJECT_NAME=${fileBasenameNoExtension}",
                "OBJS=*.c include/*.c"
            ],
            "windows": {
                "command": "mingw32-make.exe",
                "args": [
                    "RAYLIB_PATH=C:/raylib/raylib",
                    "PROJECT_NAME=${fileBasenameNoExtension}",
                    "OBJS=*.c include/*.c",
                    "BUILD_MODE=DEBUG"
                ]
            },
            "osx": {
                "args": [
                    "RAYLIB_PATH=<path_to_raylib>/raylib",
                    "PROJECT_NAME=${fileBasenameNoExtension}",
                    "OBJS=*.c include/*.c",
                    "BUILD_MODE=DEBUG"
                ]
            },
            "group": {
                "kind": "build",
                "isDefault": true
            },
            "problemMatcher": [
                "$gcc"
            ]
        },
        {
            "label": "build release",
            "type": "process",
            "command": "make",
            "args": [
                "PLATFORM=PLATFORM_DESKTOP",
                "PROJECT_NAME=${fileBasenameNoExtension}",
                "OBJS=*.c include/*.c"
            ],
            "windows": {
                "command": "mingw32-make.exe",
                "args": [
                    "RAYLIB_PATH=C:/raylib/raylib",
                    "PROJECT_NAME=${fileBasenameNoExtension}",
                    "OBJS=*.c include/*.c"
                ]
            },
            "osx": {
                "args": [
                    "RAYLIB_PATH=<path_to_raylib>/raylib",
                    "PROJECT_NAME=${fileBasenameNoExtension}",
                    "OBJS=*.c include/*.c"
                ]
            },
            "group": "build",
            "problemMatcher": [
                "$gcc"
            ]
        },
        {
            "type": "cppbuild",
            "label": "C/C++: gcc.exe build active file",
            "command": "C:/raylib/w64devkit/bin/gcc.exe",
            "args": [
                "-fdiagnostics-color=always",
                "-g",
                "${file}",
                "-o",
                "${fileDirname}\\${fileBasenameNoExtension}.exe"
            ],
            "options": {
                "cwd": "C:/raylib/w64devkit/bin"
            },
            "problemMatcher": [
                "$gcc"
            ],
            "group": "build",
            "detail": "Task generated by Debugger."
        }
    ]
}